sample_id,seed,n_rows,stratify_by,allocation,csv,summary,summary_chars
sample_0000,42,2000,race,proportional,sample_0000.csv,,
sample_0001,43,2000,race,proportional,sample_0001.csv,,
sample_0002,44,2000,race,proportional,sample_0002.csv,,
sample_0003,45,2000,race,proportional,sample_0003.csv,,
sample_0004,46,2000,race,proportional,sample_0004.csv,,
sample_0005,47,2000,race,proportional,sample_0005.csv,,
sample_0006,48,2000,race,proportional,sample_0006.csv,,
sample_0007,49,2000,race,proportional,sample_0007.csv,,
sample_0008,50,2000,race,proportional,sample_0008.csv,,
sample_0009,51,2000,race,proportional,sample_0009.csv,,