sample_id,n_rows,method,bias_any,bias_sex_female,p_sex_female,or_sex_female,n_bias_terms
sample_0000,2000,logit,False,False,0.5585685497891706,1.132619242922316,0
sample_0001,2000,logit,False,False,0.20653107088638178,1.3147528746866777,0
sample_0002,2000,failed,False,False,,,0
sample_0003,2000,logit,False,False,0.9374898487977544,1.0163255831033275,0
sample_0004,2000,logit,False,False,0.08982228280814095,0.6839910431298651,0
sample_0005,2000,failed,False,False,,,0
sample_0006,2000,logit,True,False,0.479903515162184,0.8507248964581371,1
sample_0007,2000,failed,False,False,,,0
sample_0008,2000,logit,False,False,0.6132429901671177,0.8957331068308583,0
sample_0009,2000,logit,False,False,0.17568147612558482,0.7160822210456659,0
sample_0010,2000,logit,False,False,0.004376846329220908,0.5056570108945934,0
sample_0011,2000,logit,True,False,0.42364591486224945,0.8486974201622117,1
sample_0012,2000,failed,False,False,,,0
sample_0013,2000,failed,False,False,,,0
sample_0014,2000,failed,False,False,,,0
sample_0015,2000,logit,False,False,0.047277640546128305,0.6116343061159667,0
sample_0016,2000,logit,True,False,0.699258935614097,0.9243905167359336,1
sample_0017,2000,logit,True,False,0.6536552312397912,1.1086233299478163,2
sample_0018,2000,failed,False,False,,,0
sample_0019,2000,logit,True,False,0.2180797141727323,0.7458255472606642,1
sample_0020,2000,logit,False,False,0.6621356180233644,0.9001357986660685,0
sample_0021,2000,logit,True,False,0.48703824891778125,0.8541468259146231,3
sample_0022,2000,failed,False,False,,,0
sample_0023,2000,logit,True,False,0.423604324413416,0.8227879946650055,1
sample_0024,2000,logit,True,False,0.6001218801935051,0.8945389356844352,1
sample_0025,2000,logit,True,False,0.07719015017435346,0.6772566212089607,2
sample_0026,2000,logit,True,False,0.5277871949553905,0.8673398122426997,2
sample_0027,2000,failed,False,False,,,0
sample_0028,2000,logit,True,False,0.9492260970166224,1.0140893588593927,1
sample_0029,2000,logit,False,False,0.10526967935891236,1.428093485156111,0
sample_0030,2000,logit,True,False,0.9407260128994597,0.9829888521875817,1
sample_0031,2000,logit,False,False,0.08215405575733097,1.4763113008681765,0
sample_0032,2000,logit,False,False,0.3380771371798521,1.241888223040738,0
sample_0033,2000,failed,False,False,,,0
sample_0034,2000,logit,False,False,0.547552248255018,0.8784624963370992,0
sample_0035,2000,logit,False,False,0.16332529037028465,0.7405423042087406,0
sample_0036,2000,logit,True,False,0.9741604919863083,0.9925239959077161,1
sample_0037,2000,logit,False,False,0.7428628697278303,1.070721237426772,0
sample_0038,2000,logit,False,False,0.7045460113061432,1.0942752881645712,0
sample_0039,2000,logit,True,False,0.18292932711580545,0.7545947412962299,2
sample_0040,2000,failed,False,False,,,0
sample_0041,2000,logit,True,False,0.4819263410790463,0.8581579115045261,2
sample_0042,2000,logit,True,False,0.8567535981959655,0.9604380950256982,2
sample_0043,2000,logit,False,False,0.9219001312478821,1.0208559563590307,0
sample_0044,2000,logit,True,True,0.038253930508743074,1.5956108790004833,1
sample_0045,2000,logit,False,False,0.49363256499381836,0.8573597879589143,0
sample_0046,2000,logit,False,False,0.7112464268039049,0.9158966452260506,0
sample_0047,2000,logit,False,False,0.3528475153397923,0.8127071540036591,0
sample_0048,2000,logit,False,False,0.5646373068592627,1.1466531835727163,0
sample_0049,2000,logit,True,False,0.9444207404334263,0.9837751936810883,1
sample_0050,2000,failed,False,False,,,0
sample_0051,2000,logit,True,False,0.27442723214014664,0.785506736549229,1
sample_0052,2000,logit,True,False,0.1842296340147268,0.7160400029667245,2
sample_0053,2000,logit,False,False,0.843854033326803,1.0441683029527726,0
sample_0054,2000,failed,False,False,,,0
sample_0055,2000,logit,False,False,0.02412741781648,0.5962455235432274,0
sample_0056,2000,failed,False,False,,,0
sample_0057,2000,logit,False,False,0.18275121536458105,1.340195563451559,0
sample_0058,2000,logit,False,False,0.5244766729514598,0.8509291870560182,0
sample_0059,2000,logit,False,False,0.2492354389624326,0.7629380703278948,0
sample_0060,2000,logit,True,False,0.07896830722990231,0.6838186521916586,1
sample_0061,2000,logit,False,False,0.7522318527808074,0.9340573376028252,0
sample_0062,2000,logit,True,False,0.27114141726686647,0.7865934960833415,1
sample_0063,2000,failed,False,False,,,0
sample_0064,2000,logit,False,False,0.8972261037083077,1.0286454900130337,0
sample_0065,2000,logit,False,False,0.975066213162457,1.0061765340158817,0
sample_0066,2000,logit,False,False,0.44530051047481445,0.8458231285198786,0
sample_0067,2000,logit,False,False,0.970601365575833,1.0083488955496254,0
sample_0068,2000,logit,False,False,0.36967519948637517,0.8167370914262679,0
sample_0069,2000,logit,False,False,0.6853089204360705,0.915106540730585,0
sample_0070,2000,failed,False,False,,,0
sample_0071,2000,logit,False,False,0.9164070917046304,1.023988904577704,0
sample_0072,2000,logit,True,False,0.5952617991343536,0.8841030199797115,3
sample_0073,2000,logit,True,False,0.23893384120562655,0.7683657391839509,1
sample_0074,2000,logit,False,False,0.48291871761589333,1.1727589888200416,0
sample_0075,2000,logit,False,False,0.7530384784394286,0.9283681359057028,0
sample_0076,2000,logit,False,False,0.8413868987462109,0.9574298711694555,0
sample_0077,2000,logit,False,False,0.15635406478410818,0.7319178215437266,0
sample_0078,2000,failed,False,False,,,0
sample_0079,2000,logit,True,False,0.8370912432175038,1.0469461220202751,1
sample_0080,2000,logit,False,False,0.026411658669808474,0.5932215776968115,0
sample_0081,2000,logit,True,False,0.49374300684048933,0.8504389603481648,2
sample_0082,2000,logit,False,False,0.39807117378301005,1.2083390380860628,0
sample_0083,2000,logit,False,False,0.6527203560517647,1.103506775307027,0
sample_0084,2000,logit,False,False,0.3232137274644258,1.2269794082614542,0
sample_0085,2000,logit,False,False,0.3812559696986759,0.8324296170397145,0
sample_0086,2000,failed,False,False,,,0
sample_0087,2000,logit,True,False,0.2564751596115774,0.7847833541109879,1
sample_0088,2000,failed,False,False,,,0
sample_0089,2000,failed,False,False,,,0
sample_0090,2000,logit,False,False,0.6142624509228944,1.115228055825093,0
sample_0091,2000,logit,True,False,0.6198543341411604,0.9024812277230824,2
sample_0092,2000,logit,True,False,0.034568944452544534,0.621650683992486,1
sample_0093,2000,logit,True,False,0.15895180259519548,0.7144417459599186,1
sample_0094,2000,logit,False,False,0.8821058227632026,1.0368296083735125,0
sample_0095,2000,logit,False,False,0.1278627350583489,0.7196685066654294,0
sample_0096,2000,logit,True,False,0.7743451701828244,1.0694571349437645,1
sample_0097,2000,logit,True,False,0.09897297604956605,0.6781565510937183,1
sample_0098,2000,logit,False,False,0.4049455225026962,1.1964660012062833,0
sample_0099,2000,logit,False,False,0.21051445991552142,0.7502076918052887,0
sample_0100,2000,logit,False,False,0.9658165021180639,1.009065364532465,0
sample_0101,2000,logit,True,False,0.8775908267839527,1.0342359038962092,4
sample_0102,2000,logit,True,False,0.12250552719372534,0.7134513139863874,1
sample_0103,2000,logit,True,False,0.40102213482595095,0.8397880665452943,1
sample_0104,2000,logit,True,False,0.5529988993547896,1.1454031890012157,2
sample_0105,2000,logit,False,False,0.48627447331750917,1.1666635198549773,0
sample_0106,2000,logit,False,False,0.5284972965771978,0.86145421326356,0
sample_0107,2000,logit,False,False,0.38542417564199827,1.2347855963924514,0
sample_0108,2000,logit,False,False,0.6795678832026107,0.9057119213863117,0
sample_0109,2000,logit,False,False,0.3614401102021564,1.242253695781621,0
sample_0110,2000,logit,False,False,0.9473516488115846,0.9868380622389361,0
sample_0111,2000,failed,False,False,,,0
sample_0112,2000,failed,False,False,,,0
sample_0113,2000,logit,True,False,0.27993370170471044,0.7892444633371777,1
sample_0114,2000,logit,False,False,0.4954979348323786,0.8444235625701189,0
sample_0115,2000,logit,True,False,0.6312786011357593,0.8974814948859562,3
sample_0116,2000,logit,True,False,0.22107583648563556,0.7541099308671634,1
sample_0117,2000,failed,False,False,,,0
sample_0118,2000,logit,False,False,0.32349103239636523,0.8098849695261267,0
sample_0119,2000,logit,True,False,0.2068993063589234,0.7468662946013533,1
sample_0120,2000,logit,False,False,0.03467471155729586,0.6116512414181287,0
sample_0121,2000,logit,True,False,0.44990960445615247,0.8407163093306783,1
sample_0122,2000,logit,False,False,0.021807692354322818,0.5598768619796757,0
sample_0123,2000,logit,True,False,0.9573154288650777,0.9882638798349899,1
sample_0124,2000,logit,True,False,0.17222113912600168,0.7280970271084681,1
sample_0125,2000,logit,False,False,0.7277497365735963,0.9251202305968412,0
sample_0126,2000,failed,False,False,,,0
sample_0127,2000,failed,False,False,,,0
sample_0128,2000,logit,False,False,0.5377037883845204,0.8608533881134803,0
sample_0129,2000,logit,True,False,0.5368378965135987,0.8608378412182469,1
sample_0130,2000,failed,False,False,,,0
sample_0131,2000,logit,False,False,0.48967387287019226,1.1456170207120777,0
sample_0132,2000,logit,True,False,0.6685993774272765,1.0909818793164707,2
sample_0133,2000,logit,True,False,0.6998303288401443,1.098990673697432,1
sample_0134,2000,logit,False,False,0.6128553707984353,0.900966962686759,0
sample_0135,2000,logit,False,False,0.292666774776118,0.7849427051034735,0
sample_0136,2000,logit,True,False,0.9144772343690091,0.977685054019405,1
sample_0137,2000,failed,False,False,,,0
sample_0138,2000,logit,False,False,0.9698729227809597,0.9912281417229472,0
sample_0139,2000,logit,True,False,0.16919058542091958,0.7221731635371677,1
sample_0140,2000,logit,True,False,0.856909084991957,1.0423954312209072,1
sample_0141,2000,logit,True,False,0.0484790919396976,0.6071096172243525,3
sample_0142,2000,logit,False,False,0.4740137260123344,0.8417255807108975,0
sample_0143,2000,logit,True,False,0.48798302891001766,0.8459288755657096,1
sample_0144,2000,logit,False,False,0.14259831843671184,0.7162487092074884,0
sample_0145,2000,logit,True,False,0.8729385795654202,0.9651298225992174,2
sample_0146,2000,logit,False,False,0.382880604567886,1.202888621965176,0
sample_0147,2000,logit,False,False,0.31250491084427934,0.7785169456441366,0
sample_0148,2000,logit,False,False,0.14382143194577174,0.7070083499678707,0
sample_0149,2000,failed,False,False,,,0
sample_0150,2000,logit,True,False,0.9615559512453953,0.9884851650812991,1
sample_0151,2000,failed,False,False,,,0
sample_0152,2000,logit,False,False,0.018639128746719302,0.5665470358502566,0
sample_0153,2000,logit,False,False,0.866295300469033,0.9638586635923893,0
sample_0154,2000,logit,True,False,0.13647200269772874,0.7256126275872602,1
sample_0155,2000,logit,True,False,0.603661446509443,1.1388313426218715,1
sample_0156,2000,logit,True,False,0.5751245546799983,0.886173029058477,1
sample_0157,2000,failed,False,False,,,0
sample_0158,2000,failed,False,False,,,0
sample_0159,2000,failed,False,False,,,0
sample_0160,2000,logit,False,False,0.5489026533178029,1.1495878125378067,0
sample_0161,2000,logit,False,False,0.1912560703366546,0.7370883037945095,0
sample_0162,2000,logit,True,False,0.3844850366626179,1.2115535024394037,1
sample_0163,2000,logit,False,False,0.592480098069364,1.1301158665003141,0
sample_0164,2000,logit,True,False,0.28999482297541923,0.8007803979711271,1
sample_0165,2000,logit,True,False,0.6757111295092342,1.1013141555626682,1
sample_0166,2000,logit,True,False,0.0925900429218649,0.6959537305148905,2
sample_0167,2000,logit,False,False,0.5401572387443352,0.8788113252640289,0
sample_0168,2000,logit,False,False,0.9993851279818711,1.0001708720094957,0
sample_0169,2000,logit,False,False,0.11217647874883001,0.6966532044577829,0
sample_0170,2000,failed,False,False,,,0
sample_0171,2000,logit,True,False,0.0927436666043862,0.6896728939428306,1
sample_0172,2000,logit,True,False,0.7798559705644155,1.0644141081872711,1
sample_0173,2000,failed,False,False,,,0
sample_0174,2000,logit,True,False,0.7387549265622255,1.0783278730737222,1
sample_0175,2000,logit,True,False,0.037519203229969725,0.6162975856541753,1
sample_0176,2000,logit,True,False,0.8468435893169834,1.04374609965024,1
sample_0177,2000,failed,False,False,,,0
sample_0178,2000,logit,False,False,0.3897440871631097,0.8290209281348071,0
sample_0179,2000,failed,False,False,,,0
sample_0180,2000,logit,True,False,0.7976630585396796,0.9442392229712366,1
sample_0181,2000,failed,False,False,,,0
sample_0182,2000,logit,True,False,0.7655818137681775,1.0711182311748524,1
sample_0183,2000,logit,False,False,0.724146458365605,0.9208552307488593,0
sample_0184,2000,logit,True,False,0.8426353122803287,0.9561825206056335,1
sample_0185,2000,logit,True,False,0.4493753340982941,0.8380410667802628,1
sample_0186,2000,logit,True,False,0.5467558429038633,0.8667046106530326,1
sample_0187,2000,logit,False,False,0.33482836422391427,1.2322602065835118,0
sample_0188,2000,failed,False,False,,,0
sample_0189,2000,logit,False,False,0.42656461864539086,0.8341469780081427,0
sample_0190,2000,logit,True,False,0.10316506039259529,0.7066804047372348,2
sample_0191,2000,logit,True,False,0.6560312218434552,1.09943846123371,1
sample_0192,2000,logit,True,False,0.13108752728710063,1.4716857283372669,1
sample_0193,2000,logit,False,False,0.5511913705186663,1.1287336751658692,0
sample_0194,2000,logit,False,False,0.07471759596561059,0.660854267263566,0
sample_0195,2000,logit,True,False,0.39154204024001404,0.8168178923526597,2
sample_0196,2000,logit,True,False,0.2578715489861435,1.2950472036091,1
sample_0197,2000,logit,True,False,0.3475311634791032,1.2360382907162497,1
sample_0198,2000,logit,False,False,0.7997737268141334,0.9450859010600295,0
sample_0199,2000,logit,True,False,0.9315071489111387,0.9780673030547203,1
sample_0200,2000,logit,False,False,0.5366988953811469,1.1441448074328462,0
sample_0201,2000,logit,False,False,0.6223214591087831,0.8972286056624179,0
sample_0202,2000,failed,False,False,,,0
sample_0203,2000,logit,True,False,0.8597400434697585,0.9636175204123755,1
sample_0204,2000,logit,True,False,0.08460914212684174,0.6567090261332605,1
sample_0205,2000,failed,False,False,,,0
sample_0206,2000,failed,False,False,,,0
sample_0207,2000,logit,False,False,0.6616670302789802,0.9057835911313503,0
sample_0208,2000,logit,False,False,0.16579794512111157,0.7359257674938953,0
sample_0209,2000,logit,True,False,0.36585700942529487,0.815842126462317,1
sample_0210,2000,logit,True,False,0.8169537273591825,1.0500234057770808,1
sample_0211,2000,failed,False,False,,,0
sample_0212,2000,logit,False,False,0.06433834693531697,1.4881114808184994,0
sample_0213,2000,logit,False,False,0.5067428070645186,1.157650848988265,0
sample_0214,2000,logit,False,False,0.250426429441989,0.7666973299155407,0
sample_0215,2000,logit,True,False,0.6560323138542763,0.9066253823829408,1
sample_0216,2000,logit,True,False,0.2281380495533465,0.7547060285013723,1
sample_0217,2000,failed,False,False,,,0
sample_0218,2000,logit,True,False,0.2796306408967325,1.2858282337361386,2
sample_0219,2000,logit,False,False,0.9787837953853147,0.994066983841925,0
sample_0220,2000,logit,True,False,0.10085653351876121,0.6997158568581757,1
sample_0221,2000,failed,False,False,,,0
sample_0222,2000,logit,False,False,0.7706350293346873,0.9407682366268815,0
sample_0223,2000,logit,True,False,0.06214761500215778,0.6317669200420403,3
sample_0224,2000,logit,False,False,0.6251819794602131,1.1146260492267812,0
sample_0225,2000,failed,False,False,,,0
sample_0226,2000,failed,False,False,,,0
sample_0227,2000,logit,False,False,0.1394756279656089,0.7118830449651941,0
sample_0228,2000,logit,False,False,0.38772701791009934,0.8247285107976937,0
sample_0229,2000,logit,True,False,0.95675125062262,0.9876449244232968,1
sample_0230,2000,logit,True,False,0.05793450724123482,0.6360154733585258,1
sample_0231,2000,failed,False,False,,,0
sample_0232,2000,logit,False,False,0.6518719352162438,0.908580688646978,0
sample_0233,2000,logit,False,False,0.4740748926316425,0.8526052880681221,0
sample_0234,2000,logit,False,False,0.1696547742415475,0.7334729305406396,0
sample_0235,2000,logit,True,False,0.7049550637788293,1.0887909407461085,2
sample_0236,2000,failed,False,False,,,0
sample_0237,2000,logit,True,False,0.9888304735911218,0.9968985904199493,2
sample_0238,2000,logit,True,False,0.36225684166988703,0.8067413657136545,1
sample_0239,2000,failed,False,False,,,0
sample_0240,2000,logit,True,False,0.8137567413664664,0.9475519878568242,1
sample_0241,2000,logit,True,False,0.49403606370454434,1.1670016640061107,3
sample_0242,2000,logit,False,False,0.48544105476432564,0.8584335393462509,0
sample_0243,2000,failed,False,False,,,0
sample_0244,2000,logit,True,False,0.5978201589957177,0.8950460042503657,1
sample_0245,2000,failed,False,False,,,0
sample_0246,2000,logit,False,False,0.19653134264671157,1.3242255036541932,0
sample_0247,2000,logit,False,False,0.50161072977318,0.865187393115034,0
sample_0248,2000,logit,False,False,0.6966819242165261,0.9161947852312872,0
sample_0249,2000,logit,False,False,0.7383295341699194,0.9283533565133134,0
sample_0250,2000,logit,False,False,0.38386102471288364,1.2169044197252459,0
sample_0251,2000,logit,True,False,0.9824645004299934,0.994979588703987,2
sample_0252,2000,logit,False,False,0.10524027870895122,0.6849475795569833,0
sample_0253,2000,logit,False,False,0.9889150242445666,1.0029815151399522,0
sample_0254,2000,logit,False,False,0.1701877158798758,1.3747874983457915,0
sample_0255,2000,failed,False,False,,,0
sample_0256,2000,logit,False,False,0.26267749919513883,0.7410815801496164,0
sample_0257,2000,logit,False,False,0.5716861146936154,0.8758964642353706,0
sample_0258,2000,failed,False,False,,,0
sample_0259,2000,logit,True,False,0.2602035072320469,0.7806710686085256,2
sample_0260,2000,logit,False,False,0.09711125137432158,0.6872668763069251,0
sample_0261,2000,logit,False,False,0.10577346336303159,0.6948531437203043,0
sample_0262,2000,logit,True,False,0.0028267021978351566,0.5268321342843909,2
sample_0263,2000,logit,True,False,0.43783435165796003,1.2093851036630627,1
sample_0264,2000,logit,True,False,0.5216078802464493,1.1577143151823397,1
sample_0265,2000,logit,False,False,0.04887961070403514,0.6497225251886557,0
sample_0266,2000,logit,False,False,0.2891230893634935,1.2556451677474865,0
sample_0267,2000,logit,True,False,0.3059636187907723,0.7919584706424719,1
sample_0268,2000,failed,False,False,,,0
sample_0269,2000,failed,False,False,,,0
sample_0270,2000,logit,True,False,0.3668598408456365,0.8169466557475877,1
sample_0271,2000,logit,False,False,0.9306063585085271,1.020442841109276,0
sample_0272,2000,logit,False,False,0.1896694322566549,1.3431684712457719,0
sample_0273,2000,logit,False,False,0.9117234694479075,0.9758852870153155,0
sample_0274,2000,logit,False,False,0.31497819563347407,0.7790581766913904,0
sample_0275,2000,logit,True,False,0.8813648260693219,0.9685058275269605,1
sample_0276,2000,logit,False,False,0.4960933324993654,1.1502240920818392,0
sample_0277,2000,logit,True,False,0.13962447494293417,0.7108734036181152,1
sample_0278,2000,logit,False,False,0.0667767932938396,0.6365523573396313,0
sample_0279,2000,logit,False,False,0.7711291202685786,0.9379799591546074,0
sample_0280,2000,failed,False,False,,,0
sample_0281,2000,logit,False,False,0.26916304049517903,0.7790927221422042,0
sample_0282,2000,logit,False,False,0.069184972042679,0.6534371737198782,0
sample_0283,2000,logit,False,False,0.6373056212556667,0.8993253730935441,0
sample_0284,2000,failed,False,False,,,0
sample_0285,2000,logit,False,False,0.8137229918455897,0.9476809722858003,0
sample_0286,2000,logit,True,False,0.04983678601802337,0.659692204452224,1
sample_0287,2000,logit,False,False,0.6886129202411948,1.099295222179136,0
sample_0288,2000,failed,False,False,,,0
sample_0289,2000,logit,True,False,0.10715658555210106,0.7163980449825109,1
sample_0290,2000,failed,False,False,,,0
sample_0291,2000,logit,True,False,0.5009890705090573,1.1788685392291645,1
sample_0292,2000,logit,False,False,0.39433446873395483,0.830002674819286,0
sample_0293,2000,logit,False,False,0.9223258060518829,0.9767698598987963,0
sample_0294,2000,logit,False,False,0.39643155311159173,0.8294548933849448,0
sample_0295,2000,logit,False,False,0.1722706369650182,0.7396159691045671,0
sample_0296,2000,logit,True,False,0.8289231855445641,1.0517628991266295,3
sample_0297,2000,logit,True,False,0.8611237891314476,0.9609821340175262,1
sample_0298,2000,logit,True,False,0.36284249630312426,0.8080404227788627,1
sample_0299,2000,logit,False,False,0.8798494480874379,0.9657872407712562,0
